{
  "$schema": "http://json-schema.org/draft-07/schema#",
  "type": "object",
  "title": "Resize image in editor",
  "properties": {
    "apply maximum height when not resizing": {
      "type": "boolean",
      "description": "Whether to make the height of image in the editor less than \"max-height\". If that's the case, you must then click on the image to be able to resize it.",
      "default": false
    },
    "apply maximum width when not resizing": {
      "type": "boolean",
      "description": "Whether to make the width of image in the editor less than \"max-height\". If that's the case, you must then click on the image to be able to resize it.",
      "default": false
    },
    "apply minimum height": {
      "type": "boolean",
      "description": "Whether to ensure that the image never get smaller than \"min-height\".",
      "default": true
    },
    "apply minimum width": {
      "type": "boolean",
      "description": "Whether to ensure that the image never get smaller than \"min-width\".",
      "default": true
    },
    "max-height": {
      "type": "integer",
      "description": "The maximum height of image by default, if \"apply maximum height when not resizing\" is checked.",
      "default": 200
    },
    "max-width": {
      "type": "integer",
      "description": "The maximum width of image by default, if \"apply maximum width when not resizing\" is checked.",
      "default": 200
    },
    "min-height": {
      "type": "integer",
      "description": "The minimal height of image, if \"apply minimal height when not resizing\" is checked.",
      "default": 10
    },
    "min-width": {
      "type": "integer",
      "description": "The minimal width of image, if \"apply minimal width when not resizing\" is checked.",
      "default": 10
    },
    "preserve ratio while resizing": {
      "type": "string",
      "default": "current",
      "description": "Its value can be: \"current\" (preserve the current ration. If image was resized, it will keep the new ratio), \"original\" (if image was resized, it'll take back its original ratio). With any other value it'll resize freely.",
      "enum": ["current", "original", "freely"]
    },
    "resizable-style": {
      "type": "string",
      "default": "border:1px dashed black;",
      "description": "css style to apply to resizable elements. This allow users to see the border for images without border. It allows to see whether an image is resizable or not."
    },
    "image-classes": {
      "type": "array",
      "default": [],
      "items": {
        "type": "string"
      },
      "description": "A list of clasess (as string) to apply to images."
    },
    "note-type style": {
      "type": ["string", "null"],
      "description": "some style to add to each note type with an image edited. Default value ensure that images are not resized on mobile.",
      "default":".mobile .card img {height:unset  !important;}"
    },
    "draggable border width": {
      "type": "integer",
      "description": "The width of the area on the image border that allows you to resize the image.",
      "default": 5
    }
  }
}
