{"name": "Resize images in editor", "mod": 1596373495, "min_point_version": 22, "max_point_version": -35, "branch_index": 1, "config": {"max-height": 200, "apply maximum height when not resizing": false, "max-width": 200, "apply maximum width when not resizing": false, "min-height": 10, "apply minimum height": true, "min-width": 10, "apply minimum width": true, "preserve ratio while resizing": "current", "resizable-style": "border:1px dashed black;", "image-classes": [], "note-type style": ".mobile .card img {height:unset  !important; width:unset  !important;}", "draggable border width": 15, "0": 0, "0": 0}}